{
    "target_path": "./mmdetection3d/data/kitti/testing/image_2/%06d.png",
    "cam2img": [
        [
            721.5377,
            0.0,
            609.5593,
            44.85728
        ],
        [
            0.0,
            721.5377,
            172.854,
            0.2163791
        ],
        [
            0.0,
            0.0,
            1.0,
            0.002745884
        ],
        [
            0.0,
            0.0,
            0.0,
            1.0
        ]
    ],
    "trans_mat": [
        [
            2.5764894e-01,
            -0.0000000e+00,
            0.0000000e+00
        ],
        [
            -2.2883824e-17,
            2.5764894e-01,
            -3.0917874e-01
        ],
        [
            0.0000000e+00,
            0.0000000e+00,
            1.0000000e+00
        ]
    ],
    "ori_shape": [
        375,
        1242
    ],
    "pad_shape": [
        384,
        1280
    ]
}