{
    "target_path": "./work_dirs/realdata2/videoplayback_out%4d.png",
    "cam2img": [
        [
            1056.437682,
            0.0,
            974.398942,
            0.0
        ],
        [
            0.0,
            1024.415886,
            583.178996,
            0.0
        ],
        [
            0.0,
            0.0,
            1.0,
            0.0
        ],
        [
            0.0,
            0.0,
            0.0,
            1.0
        ]
    ],
    "trans_mat": [
        [  0.16666667,  -0.0        ,   0.0        ],
        [  0.0        ,   0.16666667, -42.0        ],
        [  0.0        ,   0.0        ,   1.0        ]],
    "original_size": [
        1920,
        1080
    ],
    "input_size": [
        1280,
        384
    ]
}